txn_date,risk_group,risk_tier_group,transaction_rows,unique_users,successful_rows,credited_discount_success_only,non_success_discount_amount
2022-06-01,Non-suspicious,Lower-risk,1445,926,1285,42780000,3280000
2022-06-01,Suspicious,Medium risk,9,2,9,410000,0
2022-06-01,Suspicious,Review,120,40,112,4320000,230000
2022-06-02,Non-suspicious,Lower-risk,1286,848,1168,38645000,2420000
2022-06-02,Suspicious,Medium risk,10,5,10,400000,0
2022-06-02,Suspicious,Review,99,38,97,4390000,50000
2022-06-03,Non-suspicious,Lower-risk,1551,987,1377,46545000,3255000
2022-06-03,Suspicious,Medium risk,50,8,47,2030000,65000
2022-06-03,Suspicious,Review,248,56,242,9725000,100000
2022-06-04,Non-suspicious,Lower-risk,1804,1063,1581,53020000,5215000
2022-06-04,Suspicious,Medium risk,60,8,59,2775000,40000
2022-06-04,Suspicious,Review,271,75,245,9460000,785000
2022-06-05,Non-suspicious,Lower-risk,1929,1126,1710,55250000,4795000
2022-06-05,Suspicious,Medium risk,35,10,34,1640000,30000
2022-06-05,Suspicious,Review,345,91,305,11905000,1300000
2022-06-06,Non-suspicious,Lower-risk,1707,1042,1524,49720000,3925000
2022-06-06,Suspicious,Medium risk,77,12,75,3470000,75000
2022-06-06,Suspicious,Review,402,102,374,14105000,855000
2022-06-07,Non-suspicious,Lower-risk,1764,1135,1572,45820000,4210000
2022-06-07,Suspicious,Medium risk,56,12,51,2390000,145000
2022-06-07,Suspicious,Review,325,91,310,12905000,450000
2022-06-08,Non-suspicious,Lower-risk,2023,1116,1702,52925000,8510000
2022-06-08,Suspicious,Medium risk,38,7,37,1750000,20000
2022-06-08,Suspicious,Review,410,95,391,15685000,550000
2022-06-09,Non-suspicious,Lower-risk,2367,1160,1950,61495000,12060000
2022-06-09,Suspicious,High risk,21,1,20,1000000,10000
2022-06-09,Suspicious,Medium risk,35,16,34,1355000,35000
2022-06-09,Suspicious,Review,233,69,223,8495000,265000
2022-06-10,Non-suspicious,Lower-risk,3181,1534,2482,79760000,21375000
2022-06-10,Suspicious,Medium risk,48,14,43,1900000,145000
2022-06-10,Suspicious,Review,409,118,376,16720000,1005000
2022-06-11,Non-suspicious,Lower-risk,3142,1608,2533,81075000,18475000
2022-06-11,Suspicious,Medium risk,89,17,85,3370000,110000
2022-06-11,Suspicious,Review,613,175,571,24630000,1185000
2022-06-12,Non-suspicious,Lower-risk,2779,1428,2376,74795000,11045000
2022-06-12,Suspicious,Medium risk,116,16,111,4720000,175000
2022-06-12,Suspicious,Review,479,131,435,19150000,1430000
2022-06-13,Non-suspicious,Lower-risk,3511,1779,2930,91880000,16340000
2022-06-13,Suspicious,Medium risk,99,19,99,4065000,0
2022-06-13,Suspicious,Review,506,124,495,20305000,295000
2022-06-14,Non-suspicious,Lower-risk,3669,2053,2971,87625000,19095000
2022-06-14,Suspicious,Medium risk,96,22,94,4160000,55000
2022-06-14,Suspicious,Review,356,105,344,15895000,305000
2022-06-15,Non-suspicious,Lower-risk,2662,1561,2202,74240000,13350000
2022-06-15,Suspicious,High risk,14,2,14,455000,0
2022-06-15,Suspicious,Medium risk,101,18,101,4495000,0
2022-06-15,Suspicious,Review,418,107,405,17775000,340000
2022-06-16,Non-suspicious,Lower-risk,2543,1423,2087,67410000,12470000
2022-06-16,Suspicious,High risk,26,3,25,660000,40000
2022-06-16,Suspicious,Medium risk,75,16,74,3140000,30000
2022-06-16,Suspicious,Review,338,91,313,12890000,785000
2022-06-17,Non-suspicious,Lower-risk,2855,1548,2316,77290000,15325000
2022-06-17,Suspicious,High risk,5,1,5,250000,0
2022-06-17,Suspicious,Medium risk,69,14,67,3045000,70000
2022-06-17,Suspicious,Review,474,114,391,15490000,1950000
2022-06-18,Non-suspicious,Lower-risk,3405,1619,2568,85065000,24955000
2022-06-18,Suspicious,High risk,2,1,2,100000,0
2022-06-18,Suspicious,Medium risk,98,17,94,4170000,120000
2022-06-18,Suspicious,Review,345,102,324,14165000,520000
2022-06-19,Non-suspicious,Lower-risk,3213,1662,2454,84645000,22805000
2022-06-19,Suspicious,High risk,3,1,3,150000,0
2022-06-19,Suspicious,Medium risk,70,16,69,3190000,40000
2022-06-19,Suspicious,Review,316,87,311,13895000,125000
2022-06-20,Non-suspicious,Lower-risk,3202,1619,2523,83845000,21170000
2022-06-20,Suspicious,High risk,18,2,17,745000,35000
2022-06-20,Suspicious,Medium risk,67,16,66,2935000,10000
2022-06-20,Suspicious,Review,316,101,306,14120000,250000
2022-06-21,Non-suspicious,Lower-risk,3641,1638,2592,86775000,31980000
2022-06-21,Suspicious,High risk,11,1,11,510000,0
2022-06-21,Suspicious,Medium risk,89,19,84,3590000,140000
2022-06-21,Suspicious,Review,335,95,318,13645000,470000
2022-06-22,Non-suspicious,Lower-risk,3199,1342,2343,79315000,25290000
2022-06-22,Suspicious,Medium risk,58,14,57,2570000,10000
2022-06-22,Suspicious,Review,424,101,400,18000000,720000
2022-06-23,Non-suspicious,Lower-risk,2454,1068,1793,60835000,20230000
2022-06-23,Suspicious,Medium risk,116,23,108,4810000,250000
2022-06-23,Suspicious,Review,340,85,305,13595000,1115000
2022-06-24,Non-suspicious,Lower-risk,4174,1603,2667,87815000,46345000
2022-06-24,Suspicious,Medium risk,112,25,110,4580000,60000
2022-06-24,Suspicious,Review,433,99,405,17480000,970000
2022-06-25,Non-suspicious,Lower-risk,3495,1590,2548,84660000,26640000
2022-06-25,Suspicious,Medium risk,130,25,127,5690000,90000
2022-06-25,Suspicious,Review,417,112,396,16740000,715000
2022-06-26,Non-suspicious,Lower-risk,3788,1500,2407,79275000,37340000
2022-06-26,Suspicious,Medium risk,83,16,82,3945000,40000
2022-06-26,Suspicious,Review,421,113,409,19445000,325000
2022-06-27,Non-suspicious,Lower-risk,4085,1596,2614,86445000,43050000
2022-06-27,Suspicious,Medium risk,79,12,79,3910000,0
2022-06-27,Suspicious,Review,438,102,420,19865000,515000
2022-06-28,Non-suspicious,Lower-risk,4160,1470,2259,74790000,49785000
2022-06-28,Suspicious,Medium risk,172,15,126,6080000,820000
2022-06-28,Suspicious,Review,771,107,461,21575000,8770000
2022-06-29,Non-suspicious,Lower-risk,5642,1219,1966,65090000,92615000
2022-06-29,Suspicious,Medium risk,142,14,142,7015000,0
2022-06-29,Suspicious,Review,460,84,406,19245000,1020000
2022-06-30,Non-suspicious,Lower-risk,5417,1179,1979,62660000,84275000
2022-06-30,Suspicious,High risk,38,2,38,1900000,0
2022-06-30,Suspicious,Medium risk,159,18,153,7595000,85000
2022-06-30,Suspicious,Review,543,120,440,20975000,2745000
2022-07-01,Non-suspicious,Lower-risk,8840,1347,2338,72370000,169235000
2022-07-01,Suspicious,High risk,20,1,20,1000000,0
2022-07-01,Suspicious,Medium risk,164,24,162,8030000,60000
2022-07-01,Suspicious,Review,616,104,369,17470000,5405000
2022-07-02,Non-suspicious,Lower-risk,3540,1183,1678,53615000,41245000
2022-07-02,Suspicious,Medium risk,125,18,125,6250000,0
2022-07-02,Suspicious,Review,654,122,496,22080000,4435000
2022-07-03,Non-suspicious,Lower-risk,3868,1343,1845,60070000,48245000
2022-07-03,Suspicious,Medium risk,179,19,177,8350000,40000
2022-07-03,Suspicious,Review,607,120,524,24035000,2180000
2022-07-04,Non-suspicious,Lower-risk,4719,1425,1993,64050000,63265000
2022-07-04,Suspicious,Medium risk,133,21,129,6275000,140000
2022-07-04,Suspicious,Review,999,168,640,28500000,7410000
2022-07-05,Non-suspicious,Lower-risk,3449,1557,2200,71885000,27070000
2022-07-05,Suspicious,Medium risk,233,22,194,9565000,1210000
2022-07-05,Suspicious,Review,680,142,526,23460000,2950000
2022-07-06,Non-suspicious,Lower-risk,2956,1619,2241,76805000,16090000
2022-07-06,Suspicious,Medium risk,112,15,109,5140000,80000
2022-07-06,Suspicious,Review,522,104,438,20800000,1815000
2022-07-07,Non-suspicious,Lower-risk,3219,1865,2493,81690000,17145000
2022-07-07,Suspicious,Medium risk,240,24,235,11165000,160000
2022-07-07,Suspicious,Review,677,142,637,28380000,940000
2022-07-08,Non-suspicious,Lower-risk,3269,1773,2418,81430000,19265000
2022-07-08,Suspicious,Medium risk,115,13,106,5035000,285000
2022-07-08,Suspicious,Review,576,128,515,24390000,1525000
2022-07-09,Non-suspicious,Lower-risk,4646,2524,3459,115615000,32595000
2022-07-09,Suspicious,Medium risk,197,22,194,9545000,50000
2022-07-09,Suspicious,Review,661,148,595,27755000,2095000
2022-07-10,Non-suspicious,Lower-risk,5497,2618,3630,120820000,55105000
2022-07-10,Suspicious,Medium risk,198,21,195,9740000,110000
2022-07-10,Suspicious,Review,579,156,547,25210000,1050000
2022-07-11,Non-suspicious,Lower-risk,4836,2512,3529,119650000,38800000
2022-07-11,Suspicious,Medium risk,198,23,196,9730000,40000
2022-07-11,Suspicious,Review,668,170,627,29325000,1030000
2022-07-12,Non-suspicious,Lower-risk,5282,2583,3901,123610000,40660000
2022-07-12,Suspicious,Medium risk,198,25,197,9535000,35000
2022-07-12,Suspicious,Review,689,167,666,31305000,640000
2022-07-13,Non-suspicious,Lower-risk,6585,2569,4540,140315000,62625000
2022-07-13,Suspicious,Medium risk,240,26,234,11305000,185000
2022-07-13,Suspicious,Review,768,173,669,31430000,3330000
2022-07-14,Non-suspicious,Lower-risk,5133,2244,3682,118180000,44955000
2022-07-14,Suspicious,Medium risk,227,24,226,11210000,10000
2022-07-14,Suspicious,Review,642,140,592,27975000,1585000
2022-07-15,Non-suspicious,Lower-risk,4685,1951,2990,96690000,50530000
2022-07-15,Suspicious,Medium risk,272,30,270,13120000,50000
2022-07-15,Suspicious,Review,503,115,493,24225000,310000
2022-07-16,Non-suspicious,Lower-risk,1498,901,1492,72925000,75000
2022-07-16,Suspicious,Medium risk,177,15,177,8850000,0
2022-07-16,Suspicious,Review,477,105,477,23820000,0
2022-07-17,Non-suspicious,Lower-risk,1637,896,1633,80245000,70000
2022-07-17,Suspicious,Medium risk,289,26,289,14410000,0
2022-07-17,Suspicious,Review,538,98,538,26830000,0
2022-07-18,Non-suspicious,Lower-risk,1593,852,1580,77645000,290000
2022-07-18,Suspicious,Medium risk,273,24,273,13650000,0
2022-07-18,Suspicious,Review,507,95,507,25350000,0
2022-07-19,Non-suspicious,Lower-risk,1504,825,1493,72715000,210000
2022-07-19,Suspicious,Medium risk,261,24,261,13050000,0
2022-07-19,Suspicious,Review,648,100,648,32350000,0
2022-07-20,Non-suspicious,Lower-risk,2879,1716,2478,95425000,7715000
2022-07-20,Suspicious,Medium risk,271,26,268,13400000,60000
2022-07-20,Suspicious,Review,642,100,636,31435000,110000
2022-07-21,Non-suspicious,Lower-risk,2831,1797,2566,88135000,4795000
2022-07-21,Suspicious,Medium risk,496,38,496,24800000,0
2022-07-21,Suspicious,Review,601,109,593,29130000,115000
2022-07-22,Non-suspicious,Lower-risk,3041,1904,2693,91860000,6210000
2022-07-22,Suspicious,Medium risk,359,34,358,17460000,40000
2022-07-22,Suspicious,Review,943,155,926,45585000,395000
2022-07-23,Non-suspicious,Lower-risk,3911,2536,3315,106130000,8885000
2022-07-23,Suspicious,Medium risk,382,29,382,18945000,0
2022-07-23,Suspicious,Review,585,121,576,28205000,140000
2022-07-24,Non-suspicious,Lower-risk,4367,2738,3894,121385000,6770000
2022-07-24,Suspicious,Medium risk,484,42,483,23625000,30000
2022-07-24,Suspicious,Review,630,131,624,29935000,145000
2022-07-25,Non-suspicious,Lower-risk,4399,2765,3923,126515000,6635000
2022-07-25,Suspicious,Medium risk,389,30,389,19450000,0
2022-07-25,Suspicious,Review,790,147,787,38555000,55000
2022-07-26,Non-suspicious,Lower-risk,4691,2971,4101,127495000,7710000
2022-07-26,Suspicious,Medium risk,638,47,634,31620000,140000
2022-07-26,Suspicious,Review,688,144,687,33010000,35000
2022-07-27,Non-suspicious,Lower-risk,4310,2776,3985,116765000,5290000
2022-07-27,Suspicious,Medium risk,589,42,583,29150000,150000
2022-07-27,Suspicious,Review,696,136,692,33350000,85000
2022-07-28,Non-suspicious,Lower-risk,4331,2995,4034,112395000,3965000
2022-07-28,Suspicious,Medium risk,723,53,723,36100000,0
2022-07-28,Suspicious,Review,704,114,696,33660000,260000
2022-07-29,Non-suspicious,Lower-risk,2997,1730,2649,103545000,6105000
2022-07-29,Suspicious,Medium risk,431,33,431,21445000,0
2022-07-29,Suspicious,Review,553,95,546,27075000,200000
2022-07-30,Non-suspicious,Lower-risk,1766,1133,1501,57120000,4625000
2022-07-30,Suspicious,Medium risk,179,18,178,8900000,20000
2022-07-30,Suspicious,Review,202,59,195,9260000,115000
2022-07-31,Non-suspicious,Lower-risk,2218,1433,1980,78210000,3830000
2022-07-31,Suspicious,Medium risk,195,17,195,9750000,0
2022-07-31,Suspicious,Review,278,58,277,13655000,10000
2022-08-01,Non-suspicious,Lower-risk,2577,1617,2291,89980000,5315000
2022-08-01,Suspicious,Medium risk,310,23,310,15500000,0
2022-08-01,Suspicious,Review,341,62,341,16980000,0
